Durée Infection,Proportion max infectée,Durée Epidemie,Distribution Multi-Infections
10,92,58,1.0
20,85,44,1.0
30,54,99,1.0
40,38,99,1.09
50,41,99,1.02
60,25,99,1.0183333333333333
70,26,99,1.1
80,32,99,1.0675
90,33,99,0.9788888888888889
100,34,99,0.958
110,21,99,0.9536363636363636
120,26,99,0.9433333333333334
130,20,99,0.9284615384615384
140,14,99,0.8642857142857143
150,15,99,0.818
160,2,38,0.803125
170,2,37,0.7594117647058823
180,2,21,0.7344444444444445
190,2,16,0.71
200,3,34,0.6755
