Noeuds initiaux infectés,Proportion max infectée,Durée Epidemie,Distribution Multi-Infections
0,0,0,0.0
10,56,99,0.64
20,61,99,0.8366666666666667
30,64,54,0.88
40,78,77,0.884
50,88,56,0.9
60,84,51,0.9314285714285714
70,92,49,0.92125
80,86,55,0.9277777777777778
90,96,38,0.934
