Rayon de mobilité,Proportion max infectée,Durée Epidemie,Distribution Multi-Infections
10,16,99,0.07
60,13,99,0.14
110,22,99,0.11
160,16,99,0.255
210,32,99,0.314
260,43,99,0.4483333333333333
310,37,99,0.5442857142857143
360,37,99,0.66875
410,39,99,0.7355555555555555
460,50,99,0.811
